captured_on,window_days,path,title,views,unique_visitors
2026-09-16,14,/merce-fra/PELCA/blob/Release_PELCA_v1.4/Images/PELCADeviceDesigner/Figure1.svg,/blob/Release_PELCA_v1.4/Images/PELCADeviceDesigner/Figure1.svg,4,4
2026-09-16,14,/merce-fra/PELCA/blob/Release_PELCA_v1.4/Images/PELCADeviceDesigner/Figure0.svg,/blob/Release_PELCA_v1.4/Images/PELCADeviceDesigner/Figure0.svg,4,3
2026-09-16,14,/merce-fra/PELCA/blob/Release_PELCA_v1.4/Images/PELCADeviceDesigner/Figure14.svg,/blob/Release_PELCA_v1.4/Images/PELCADeviceDesigner/Figure14.svg,4,3
2026-09-16,14,/merce-fra/PELCA/blob/Release_PELCA_v1.4/Images/PELCADeviceDesigner/Figure15.svg,/blob/Release_PELCA_v1.4/Images/PELCADeviceDesigner/Figure15.svg,4,3
2026-09-16,14,/merce-fra/PELCA/tree/Release_PELCA_v1.4,/tree/Release_PELCA_v1.4,5,4
2026-09-16,14,/merce-fra/PELCA/tree/Release_PELCA_v1.4/Images/PELCADeviceDesigner,/tree/Release_PELCA_v1.4/Images/PELCADeviceDesigner,5,4
2026-09-16,14,/merce-fra/PELCA/blob/Release_PELCA_v1.4/Input example/ExampleOverview.md,/blob/Release_PELCA_v1.4/Input example/ExampleOverview.md,5,3
2026-09-16,14,/merce-fra/PELCA/tree/Release_PELCA_v1.4/Input example,/tree/Release_PELCA_v1.4/Input example,6,3
2026-09-16,14,/merce-fra/PELCA/tree/Release_PELCA_v1.4/Details,/tree/Release_PELCA_v1.4/Details,9,3
2026-09-16,14,/merce-fra/PELCA,Overview,45,20
2026-09-17,14,/merce-fra/PELCA/blob/Release_PELCA_v1.4/Images/PELCADeviceDesigner/Figure1.svg,/blob/Release_PELCA_v1.4/Images/PELCADeviceDesigner/Figure1.svg,4,4
2026-09-17,14,/merce-fra/PELCA/blob/Release_PELCA_v1.4/Images/PELCADeviceDesigner/Figure0.svg,/blob/Release_PELCA_v1.4/Images/PELCADeviceDesigner/Figure0.svg,4,3
2026-09-17,14,/merce-fra/PELCA/blob/Release_PELCA_v1.4/Images/PELCADeviceDesigner/Figure14.svg,/blob/Release_PELCA_v1.4/Images/PELCADeviceDesigner/Figure14.svg,4,3
2026-09-17,14,/merce-fra/PELCA/blob/Release_PELCA_v1.4/Images/PELCADeviceDesigner/Figure15.svg,/blob/Release_PELCA_v1.4/Images/PELCADeviceDesigner/Figure15.svg,4,3
2026-09-17,14,/merce-fra/PELCA/blob/Release_PELCA_v1.4/Input example/PELCADeviceDesigner/PELCADeviceDesigner_Instructions.md,/blob/Release_PELCA_v1.4/Input example/PELCADeviceDesigner/PELCADeviceDesigner_Instructions.md,4,3
2026-09-17,14,/merce-fra/PELCA/releases,/releases,4,2
2026-09-17,14,/merce-fra/PELCA/tree/Release_PELCA_v1.4/Input example,/tree/Release_PELCA_v1.4/Input example,4,2
2026-09-17,14,/merce-fra/PELCA/tree/Release_PELCA_v1.4,/tree/Release_PELCA_v1.4,5,4
2026-09-17,14,/merce-fra/PELCA/tree/Release_PELCA_v1.4/Images/PELCADeviceDesigner,/tree/Release_PELCA_v1.4/Images/PELCADeviceDesigner,5,4
2026-09-17,14,/merce-fra/PELCA,Overview,50,20
2026-09-24,14,/merce-fra/PELCA/blob/Release_PELCA_v2.0/PELCA datasets/PowerModuleAndCapacitor/PELCA_v2.0.0_PowerModuleAndCapacitor.xlsm,/blob/Release_PELCA_v2.0/PELCA datasets/PowerModuleAndCapacitor/PELCA_v2.0.0_PowerModuleAndCapacitor.xlsm,6,3
2026-09-24,14,/merce-fra/PELCA/blob/Release_PELCA_v2.0/documentations/Algorithm.md,/blob/Release_PELCA_v2.0/documentations/Algorithm.md,6,2
2026-09-24,14,/merce-fra/PELCA/branches,/branches,6,2
2026-09-24,14,/merce-fra/PELCA/pulse,/pulse,6,2
2026-09-24,14,/merce-fra/PELCA/tree/Release_PELCA_v1.4/Input example/PELCADeviceDesigner,/tree/Release_PELCA_v1.4/Input example/PELCADeviceDesigner,7,3
2026-09-24,14,/merce-fra/PELCA/blob/Release_PELCA_v2.0/CHANGELOG.md,/blob/Release_PELCA_v2.0/CHANGELOG.md,9,3
2026-09-24,14,/merce-fra/PELCA/tree/Release_PELCA_v2.0,/tree/Release_PELCA_v2.0,13,4
2026-09-24,14,/merce-fra/PELCA/tags,/tags,15,2
2026-09-24,14,/merce-fra/PELCA/releases,/releases,30,4
2026-09-24,14,/merce-fra/PELCA,Overview,118,29
2026-10-01,14,/merce-fra/PELCA/tree/Release_PELCA_v2.0/PELCA datasets/PowerModuleAndCapacitor,/tree/Release_PELCA_v2.0/PELCA datasets/PowerModuleAndCapacitor,8,6
2026-10-01,14,/merce-fra/PELCA/blob/Release_PELCA_v2.0/documentations/Algorithm.md,/blob/Release_PELCA_v2.0/documentations/Algorithm.md,9,3
2026-10-01,14,/merce-fra/PELCA/blob/Release_PELCA_v2.0/PELCA datasets/PowerModuleAndCapacitor/PELCA_v2.0.0_PowerModuleAndCapacitor.xlsm,/blob/Release_PELCA_v2.0/PELCA datasets/PowerModuleAndCapacitor/PELCA_v2.0.0_PowerModuleAndCapacitor.xlsm,11,7
2026-10-01,14,/merce-fra/PELCA/tree/Release_PELCA_v2.0/documentations,/tree/Release_PELCA_v2.0/documentations,12,5
2026-10-01,14,/merce-fra/PELCA/tree/Release_PELCA_v2.0/PELCA datasets,/tree/Release_PELCA_v2.0/PELCA datasets,13,7
2026-10-01,14,/merce-fra/PELCA/blob/Release_PELCA_v2.0/CHANGELOG.md,/blob/Release_PELCA_v2.0/CHANGELOG.md,13,5
2026-10-01,14,/merce-fra/PELCA/tags,/tags,15,2
2026-10-01,14,/merce-fra/PELCA/tree/Release_PELCA_v2.0,/tree/Release_PELCA_v2.0,20,7
2026-10-01,14,/merce-fra/PELCA/releases,/releases,29,5
2026-10-01,14,/merce-fra/PELCA,Overview,157,40
2026-10-08,14,/merce-fra/PELCA/tree/Release_PELCA_v2.0/PELCA datasets/PowerModuleAndCapacitor,/tree/Release_PELCA_v2.0/PELCA datasets/PowerModuleAndCapacitor,6,5
2026-10-08,14,/merce-fra/PELCA/blob/Release_PELCA_v2.0/Plugins/PELCA_ReliabilityEvaluator/documentations/Algorithm.md,/blob/Release_PELCA_v2.0/Plugins/PELCA_ReliabilityEvaluator/documentations/Algorithm.md,8,4
2026-10-08,14,/merce-fra/PELCA/blob/Release_PELCA_v2.0/documentations/Tests.md,/blob/Release_PELCA_v2.0/documentations/Tests.md,8,4
2026-10-08,14,/merce-fra/PELCA/tree/Release_PELCA_v2.0/documentations,/tree/Release_PELCA_v2.0/documentations,9,6
2026-10-08,14,/merce-fra/PELCA/blob/Release_PELCA_v2.0/Plugins/PELCA_ReliabilityEvaluator/README.md,/blob/Release_PELCA_v2.0/Plugins/PELCA_ReliabilityEvaluator/README.md,9,5
2026-10-08,14,/merce-fra/PELCA/blob/Release_PELCA_v2.0/documentations/PELCA_Instructions.md,/blob/Release_PELCA_v2.0/documentations/PELCA_Instructions.md,10,4
2026-10-08,14,/merce-fra/PELCA/tree/Release_PELCA_v2.0,/tree/Release_PELCA_v2.0,11,6
2026-10-08,14,/merce-fra/PELCA/tree/Release_PELCA_v2.0/PELCA datasets,/tree/Release_PELCA_v2.0/PELCA datasets,13,8
2026-10-08,14,/merce-fra/PELCA/blob/Release_PELCA_v2.0/PELCA datasets/PowerModuleAndCapacitor/PELCA_v2.0.0_PowerModuleAndCapacitor.xlsm,/blob/Release_PELCA_v2.0/PELCA datasets/PowerModuleAndCapacitor/PELCA_v2.0.0_PowerModuleAndCapacitor.xlsm,19,11
2026-10-08,14,/merce-fra/PELCA,Overview,112,45
