country,clicks,impressions,ctr_pct,position
fra,122,386,31.6062,3.054
esp,6,116,5.1724,4.034
jpn,6,60,10.0,3.233
deu,4,49,8.1633,3.49
che,3,14,21.4286,3.0
can,2,33,6.0606,2.697
usa,1,231,0.4329,5.108
bel,1,42,2.381,4.405
tur,1,20,5.0,3.05
prt,1,19,5.2632,4.0
aut,1,10,10.0,3.6
pol,1,8,12.5,4.5
ltu,1,3,33.3333,3.667
cyp,1,1,100.0,1.0
bra,0,103,0.0,8.087
mex,0,79,0.0,3.506
moz,0,70,0.0,3.429
ita,0,59,0.0,2.61
arg,0,40,0.0,4.825
gbr,0,40,0.0,3.4
chl,0,32,0.0,4.406
ind,0,25,0.0,6.68
per,0,25,0.0,3.92
slv,0,23,0.0,5.478
ury,0,23,0.0,4.609
hnd,0,19,0.0,5.053
idn,0,19,0.0,3.0
ven,0,16,0.0,5.5
nld,0,15,0.0,3.2
col,0,14,0.0,5.714
phl,0,13,0.0,2.462
aus,0,12,0.0,3.583
mys,0,9,0.0,3.0
rou,0,9,0.0,5.0
svn,0,9,0.0,4.0
cze,0,8,0.0,6.75
dom,0,8,0.0,5.75
ecu,0,8,0.0,5.25
irn,0,8,0.0,4.375
nic,0,8,0.0,4.25
rus,0,8,0.0,21.0
dnk,0,7,0.0,4.857
nga,0,7,0.0,7.429
are,0,6,0.0,2.0
cri,0,6,0.0,3.667
kor,0,6,0.0,6.0
tha,0,6,0.0,12.0
fin,0,5,0.0,4.2
gtm,0,5,0.0,3.6
hkg,0,5,0.0,4.6
ken,0,5,0.0,4.2
pak,0,5,0.0,14.0
sgp,0,5,0.0,8.0
swe,0,5,0.0,5.8
ukr,0,5,0.0,6.8
hun,0,4,0.0,2.75
khm,0,4,0.0,1.0
mar,0,4,0.0,18.0
nzl,0,4,0.0,3.5
pri,0,4,0.0,2.75
twn,0,4,0.0,3.5
uga,0,4,0.0,4.5
vnm,0,4,0.0,18.25
zaf,0,4,0.0,1.75
abw,0,3,0.0,2.667
cod,0,3,0.0,2.333
egy,0,3,0.0,17.0
hrv,0,3,0.0,2.333
srb,0,3,0.0,6.667
svk,0,3,0.0,4.333
and,0,2,0.0,1.5
arm,0,2,0.0,4.5
bgr,0,2,0.0,3.0
cub,0,2,0.0,6.0
gha,0,2,0.0,2.5
grc,0,2,0.0,5.5
isr,0,2,0.0,1.0
jam,0,2,0.0,6.0
lux,0,2,0.0,1.0
nor,0,2,0.0,2.5
uzb,0,2,0.0,3.0
ago,0,1,0.0,4.0
bgd,0,1,0.0,3.0
bol,0,1,0.0,8.0
cmr,0,1,0.0,6.0
est,0,1,0.0,2.0
guy,0,1,0.0,6.0
jor,0,1,0.0,2.0
kaz,0,1,0.0,4.0
kwt,0,1,0.0,1.0
mng,0,1,0.0,3.0
mtq,0,1,0.0,4.0
pry,0,1,0.0,9.0
qat,0,1,0.0,2.0
sau,0,1,0.0,5.0
sxm,0,1,0.0,2.0
tun,0,1,0.0,3.0
zzz,0,1,0.0,3.0
